,Callahan Neighborhood Center,Colonialtown Neighborhood Center,Langford Neighborhood Center,College Park Neighborhood Center,Grand Avenue Neighborhood Center,John H. Jackson Neighborhood Center,Holden Heights Community Center,Dr. James R. Smith Neighborhood Center,Rock Lake Neighborhood Center,Wadeview Community Center,Engelwood Neighborhood Center,Northwest Neighborhood Center/Hal Marston Community Center,Pine Hills Neighborhood Center for Families,Rosemont Community Center,Oak Ridge Neighborhood Center for Families,Thrift Shop Community Center,Community Empowerment Center Inc,Arab American Community Center,Ivey Lane Recreational Center,Ivey Lane Neighborhood Center,Dover Shores Community Center,Union Park Neighborhood Center,Clarcona Community Center,Pine Hills Community Center,Orange Tree Recreation Center,Dr. P. Phillips YMCA Family Center,Angels Adult Community Centers,Orange County Orlando Magic Recreation Center,Lake Nona YMCA Family Center,South Econ Recreation Center,FDC Central Florida Reception Center,Randal Park Community Center,Orlo Vista Park,Big Hawk Recreation Center,Leesburg Recreation & Parks,Ocoee Lakeshore Center,Narcoossee Community Center and Park,Eastmonte Park,Hunt Club Pediatrics,Apopka Community Center,Community Health Centers,Community Health Centers Apopka,Community Health Centers.1,John Bridges Community Center,Fran Carlton Recreation Center,Hope CommUnity Center,Winter Springs Civic Center,Westmonte Park,Lake Mary Community Center,Lake Mary Parks & Recreation,J. Douglas Williams YMCA Family Center,Hill Recreation Center,Denton Johnson Community Center,Maitland Community Park,Minnehaha Park,Shalom Orlando Roth JCC,Maitland Senior Center,Oviedo Recreation & Parks,Westside Community Center / Boys And Girls Center,Jeff Triplet Community Center,Midway Community Center,Sanford Civic Center,Winter Park Community Center,Azalea Lane Recreation Center,Center for Health and Wellbeing
Callahan Neighborhood Center,0.0,2.9844,2.0605,2.612,1.7236,1.2854,2.1737,4.0501,1.5401,2.9963,6.7189,3.78,6.3033,6.5167,0.0,5.7328,6.5621,5.7082,3.3323,5.0562,5.4197,0.0,0.0,6.3591,0.0,0.0,0.0,0.0,0.0,0.0,0.0,0.0,5.4551,0.0,0.0,0.0,0.0,0.0,0.0,0.0,0.0,0.0,0.0,0.0,0.0,0.0,0.0,0.0,0.0,0.0,0.0,0.0,6.7316,0.0,0.0,0.0,0.0,0.0,0.0,0.0,0.0,0.0,5.6373,4.5434,0.0
Colonialtown Neighborhood Center,2.9019,0.0,1.5799,2.333,4.3003,4.1739,4.9237,6.7649,3.6995,3.5683,6.3399,5.5173,6.7984,0.0,0.0,6.5283,0.0,4.7091,5.8793,0.0,4.8551,0.0,0.0,0.0,0.0,0.0,0.0,0.0,0.0,0.0,0.0,0.0,0.0,0.0,0.0,0.0,0.0,0.0,0.0,0.0,0.0,0.0,0.0,0.0,0.0,0.0,0.0,0.0,0.0,0.0,0.0,5.1972,5.7325,5.8771,5.2889,0.0,4.6617,0.0,0.0,0.0,0.0,0.0,2.8041,2.4487,4.6222
Langford Neighborhood Center,2.039,1.5799,0.0,3.8563,4.4037,3.5995,4.3494,6.7621,4.0487,2.469,4.6047,6.6874,0.0,0.0,0.0,0.0,0.0,6.767,6.3347,0.0,3.3056,0.0,0.0,0.0,0.0,0.0,0.0,0.0,0.0,0.0,0.0,0.0,0.0,0.0,0.0,0.0,0.0,0.0,0.0,0.0,0.0,0.0,0.0,0.0,0.0,0.0,0.0,0.0,0.0,0.0,0.0,6.7205,0.0,0.0,6.8122,0.0,6.185,0.0,0.0,0.0,0.0,0.0,4.3274,3.972,5.4633
College Park Neighborhood Center,2.9769,2.1968,3.7201,0.0,4.3753,4.2488,4.9987,6.1882,3.142,5.3394,0.0,3.7236,4.8437,5.3575,0.0,4.5737,5.4029,3.9393,5.4703,0.0,0.0,0.0,0.0,6.3493,0.0,0.0,0.0,0.0,0.0,0.0,0.0,0.0,0.0,0.0,0.0,0.0,0.0,0.0,0.0,0.0,0.0,0.0,0.0,0.0,0.0,0.0,0.0,0.0,0.0,0.0,0.0,6.4298,4.9628,0.0,6.621,6.5246,5.9938,0.0,0.0,0.0,0.0,0.0,2.9897,2.6344,5.2835
Grand Avenue Neighborhood Center,1.7238,4.3423,3.8666,4.6911,0.0,0.89,0.6894,3.3517,2.6555,2.0211,0.0,4.5019,0.0,0.0,6.2435,0.0,0.0,0.0,4.1491,4.3579,6.4485,0.0,0.0,0.0,0.0,0.0,0.0,0.0,0.0,0.0,0.0,0.0,6.6713,0.0,0.0,0.0,0.0,0.0,0.0,0.0,0.0,0.0,0.0,0.0,0.0,0.0,0.0,0.0,0.0,0.0,0.0,0.0,0.0,0.0,0.0,0.0,0.0,0.0,0.0,0.0,0.0,0.0,0.0,5.9138,0.0
John H. Jackson Neighborhood Center,1.0819,3.9707,3.1748,4.3196,0.9307,0.0,1.0834,2.9069,1.9637,2.8147,0.0,3.8101,6.1897,0.0,6.5646,6.7364,0.0,6.707,3.4573,3.913,5.7568,0.0,0.0,6.2456,0.0,0.0,0.0,0.0,0.0,0.0,0.0,0.0,5.9795,0.0,0.0,0.0,0.0,0.0,0.0,0.0,0.0,0.0,0.0,0.0,0.0,0.0,0.0,0.0,0.0,0.0,0.0,0.0,0.0,0.0,0.0,0.0,0.0,0.0,0.0,0.0,0.0,0.0,6.6362,5.5423,0.0
Holden Heights Community Center,2.1657,5.2864,3.8046,5.6353,0.6894,1.0757,0.0,3.2897,2.5935,2.0374,0.0,4.4399,6.8195,0.0,5.6138,0.0,0.0,0.0,4.0871,4.2958,6.3865,0.0,0.0,0.0,0.0,0.0,0.0,0.0,0.0,0.0,0.0,0.0,6.6093,0.0,0.0,0.0,0.0,0.0,0.0,0.0,0.0,0.0,0.0,0.0,0.0,0.0,0.0,0.0,0.0,0.0,0.0,0.0,0.0,0.0,0.0,0.0,0.0,0.0,0.0,0.0,0.0,0.0,0.0,6.8579,0.0
Dr. James R. Smith Neighborhood Center,4.0533,6.7579,6.1551,6.3161,3.3537,3.5593,3.2994,0.0,3.472,5.0837,0.0,3.5375,5.6057,0.0,0.0,0.0,0.0,0.0,2.2586,1.9197,0.0,0.0,0.0,0.0,0.0,0.0,0.0,0.0,0.0,0.0,0.0,0.0,4.1821,0.0,0.0,0.0,0.0,0.0,0.0,0.0,0.0,0.0,0.0,0.0,0.0,0.0,0.0,0.0,0.0,0.0,0.0,0.0,0.0,0.0,0.0,0.0,0.0,0.0,0.0,0.0,0.0,0.0,0.0,0.0,0.0
Rock Lake Neighborhood Center,1.5401,3.6893,4.0384,3.2118,2.6558,1.8515,2.6014,3.4689,0.0,4.5855,0.0,2.6044,4.9139,6.0077,0.0,5.3347,6.164,6.413,2.751,4.4749,0.0,0.0,0.0,5.1937,0.0,0.0,0.0,0.0,0.0,0.0,0.0,0.0,4.8738,0.0,0.0,0.0,0.0,0.0,0.0,0.0,0.0,0.0,0.0,0.0,0.0,0.0,0.0,0.0,0.0,0.0,0.0,0.0,0.0,0.0,0.0,0.0,0.0,0.0,0.0,0.0,0.0,0.0,6.3421,5.2482,0.0
Wadeview Community Center,3.0479,3.5683,2.469,5.5968,2.0209,2.774,2.0372,5.6583,4.5119,0.0,6.3307,6.3546,0.0,0.0,6.1672,0.0,0.0,0.0,6.0018,6.2418,3.3076,0.0,0.0,0.0,0.0,0.0,6.4503,0.0,0.0,0.0,0.0,0.0,0.0,0.0,0.0,0.0,0.0,0.0,0.0,0.0,0.0,0.0,0.0,0.0,0.0,0.0,0.0,0.0,0.0,0.0,0.0,0.0,0.0,0.0,0.0,0.0,0.0,0.0,0.0,0.0,0.0,0.0,5.9555,5.6,0.0
Engelwood Neighborhood Center,6.8325,6.3105,4.8124,0.0,0.0,0.0,0.0,0.0,0.0,6.7024,0.0,0.0,0.0,0.0,0.0,0.0,0.0,0.0,0.0,0.0,1.9649,6.8458,0.0,0.0,0.0,0.0,3.8954,0.0,0.0,4.8316,0.0,0.0,0.0,0.0,0.0,0.0,0.0,0.0,0.0,0.0,0.0,0.0,0.0,0.0,0.0,0.0,0.0,0.0,0.0,0.0,0.0,0.0,0.0,0.0,0.0,0.0,0.0,0.0,0.0,0.0,0.0,0.0,0.0,0.0,6.4475
Northwest Neighborhood Center/Hal Marston Community Center,3.7766,5.5306,6.2856,3.9123,4.494,3.6898,4.4397,3.5503,2.6111,6.419,0.0,0.0,2.7242,4.8187,0.0,5.0284,5.8576,5.4781,1.697,4.1198,0.0,0.0,0.0,3.9244,0.0,0.0,0.0,0.0,0.0,0.0,0.0,0.0,3.6583,0.0,0.0,0.0,0.0,0.0,0.0,0.0,0.0,0.0,0.0,0.0,0.0,0.0,0.0,0.0,0.0,0.0,0.0,0.0,0.0,0.0,0.0,0.0,0.0,0.0,0.0,0.0,0.0,0.0,6.5074,6.152,0.0
Pine Hills Neighborhood Center for Families,6.0643,6.8272,0.0,5.025,0.0,6.06,6.8099,5.6216,4.8988,0.0,0.0,2.7348,0.0,2.4624,0.0,3.8957,3.7091,5.6521,3.6856,4.9375,0.0,0.0,0.0,1.8569,0.0,0.0,0.0,0.0,0.0,0.0,0.0,0.0,3.5283,0.0,0.0,6.2348,0.0,0.0,0.0,0.0,0.0,0.0,0.0,0.0,0.0,0.0,0.0,0.0,0.0,0.0,0.0,0.0,0.0,0.0,0.0,0.0,0.0,0.0,0.0,0.0,0.0,0.0,0.0,6.6098,0.0
Rosemont Community Center,6.4938,0.0,0.0,5.4945,0.0,0.0,0.0,0.0,5.8393,0.0,0.0,4.8151,2.4621,0.0,0.0,1.515,1.7903,3.7142,5.7658,0.0,0.0,0.0,0.0,4.2789,0.0,0.0,0.0,0.0,0.0,0.0,0.0,0.0,6.2394,0.0,0.0,0.0,0.0,0.0,6.3503,0.0,0.0,0.0,0.0,0.0,0.0,0.0,0.0,5.3255,0.0,0.0,0.0,6.3264,5.0094,0.0,6.7391,6.6896,6.1119,0.0,0.0,0.0,0.0,0.0,6.1688,6.309,0.0
Oak Ridge Neighborhood Center for Families,0.0,0.0,0.0,0.0,6.2829,6.6116,5.653,0.0,0.0,6.2923,0.0,0.0,0.0,0.0,0.0,0.0,0.0,0.0,0.0,0.0,0.0,0.0,0.0,0.0,0.0,6.2898,6.6027,0.0,0.0,0.0,0.0,0.0,0.0,0.0,0.0,0.0,0.0,0.0,0.0,0.0,0.0,0.0,0.0,0.0,0.0,0.0,0.0,0.0,0.0,0.0,0.0,0.0,0.0,0.0,0.0,0.0,0.0,0.0,0.0,0.0,0.0,0.0,0.0,0.0,0.0
Thrift Shop Community Center,5.5244,6.3273,0.0,4.5251,0.0,6.4001,0.0,0.0,5.1556,0.0,0.0,4.7459,4.124,1.7453,0.0,0.0,1.2544,2.7449,6.4926,0.0,0.0,0.0,0.0,5.9408,0.0,0.0,0.0,0.0,0.0,0.0,0.0,0.0,0.0,0.0,0.0,0.0,0.0,0.0,5.8145,0.0,0.0,0.0,0.0,0.0,0.0,0.0,0.0,3.9589,0.0,0.0,0.0,4.9598,3.6427,5.9891,5.3724,5.323,4.7452,0.0,0.0,0.0,0.0,0.0,5.0483,5.1886,0.0
Community Empowerment Center Inc,6.317,0.0,0.0,5.3177,0.0,0.0,0.0,0.0,5.9483,0.0,0.0,5.5385,3.8634,1.4848,0.0,0.7926,0.0,3.238,0.0,0.0,0.0,0.0,0.0,5.6803,0.0,0.0,0.0,0.0,0.0,0.0,0.0,0.0,0.0,0.0,0.0,0.0,0.0,0.0,4.8668,6.5441,6.2934,6.3327,6.3367,0.0,6.6997,0.0,0.0,4.6031,0.0,0.0,0.0,5.604,4.287,6.6334,6.0167,5.9672,5.3895,0.0,0.0,0.0,0.0,0.0,5.6926,5.8328,0.0
Arab American Community Center,5.6635,4.8763,0.0,4.0969,0.0,0.0,0.0,0.0,5.7992,0.0,0.0,5.3894,5.6033,3.6778,0.0,2.894,3.4187,0.0,0.0,0.0,0.0,0.0,0.0,0.0,0.0,0.0,0.0,0.0,0.0,0.0,0.0,0.0,0.0,0.0,0.0,0.0,0.0,5.9455,0.0,0.0,0.0,0.0,0.0,0.0,0.0,0.0,0.0,4.9345,0.0,0.0,0.0,3.859,2.3931,4.62,4.0537,3.9538,3.4265,0.0,0.0,0.0,0.0,0.0,3.086,3.4454,5.7596
Ivey Lane Recreational Center,3.3282,5.8585,5.9287,5.591,4.1372,3.3328,4.0828,2.2743,2.7469,6.0622,0.0,1.6998,3.689,5.7696,0.0,6.7071,0.0,0.0,0.0,2.8086,0.0,0.0,0.0,3.7814,0.0,0.0,0.0,0.0,0.0,0.0,0.0,0.0,2.5086,0.0,0.0,0.0,0.0,0.0,0.0,0.0,0.0,0.0,0.0,0.0,0.0,0.0,0.0,0.0,0.0,0.0,0.0,0.0,0.0,0.0,0.0,0.0,0.0,0.0,0.0,0.0,0.0,0.0,0.0,0.0,0.0
Ivey Lane Neighborhood Center,5.7117,0.0,0.0,0.0,4.3598,6.1314,4.3055,1.9197,5.1304,0.0,0.0,4.0833,4.9017,0.0,0.0,0.0,0.0,0.0,2.7693,0.0,0.0,0.0,0.0,3.9751,5.3814,6.7921,0.0,0.0,0.0,0.0,0.0,0.0,2.2624,0.0,0.0,0.0,0.0,0.0,0.0,0.0,0.0,0.0,0.0,0.0,0.0,0.0,0.0,0.0,0.0,0.0,0.0,0.0,0.0,0.0,0.0,0.0,0.0,0.0,0.0,0.0,0.0,0.0,0.0,0.0,0.0
Dover Shores Community Center,5.4303,4.9083,3.4102,0.0,6.6774,5.8731,6.623,0.0,0.0,3.3005,1.9939,0.0,0.0,0.0,0.0,0.0,0.0,0.0,0.0,0.0,0.0,0.0,0.0,0.0,0.0,0.0,4.0625,0.0,0.0,5.7143,0.0,0.0,0.0,0.0,0.0,0.0,0.0,0.0,0.0,0.0,0.0,0.0,0.0,0.0,0.0,0.0,0.0,0.0,0.0,0.0,0.0,0.0,0.0,0.0,0.0,0.0,0.0,0.0,0.0,0.0,0.0,0.0,0.0,0.0,0.0
Union Park Neighborhood Center,0.0,0.0,0.0,0.0,0.0,0.0,0.0,0.0,0.0,0.0,6.1052,0.0,0.0,0.0,0.0,0.0,0.0,0.0,0.0,0.0,0.0,0.0,0.0,0.0,0.0,0.0,0.0,0.0,0.0,5.8964,0.0,0.0,0.0,0.0,0.0,0.0,0.0,0.0,0.0,0.0,0.0,0.0,0.0,0.0,0.0,0.0,0.0,0.0,0.0,0.0,0.0,0.0,0.0,0.0,0.0,0.0,0.0,0.0,0.0,0.0,0.0,0.0,0.0,0.0,0.0
Clarcona Community Center,0.0,0.0,0.0,0.0,0.0,0.0,0.0,0.0,0.0,0.0,0.0,0.0,0.0,0.0,0.0,0.0,0.0,0.0,0.0,0.0,0.0,0.0,0.0,0.0,0.0,0.0,0.0,0.0,0.0,0.0,0.0,0.0,0.0,0.0,0.0,0.0,0.0,0.0,0.0,0.0,0.0,0.0,0.0,0.0,0.0,0.0,0.0,0.0,0.0,0.0,0.0,0.0,0.0,0.0,0.0,0.0,0.0,0.0,0.0,0.0,0.0,0.0,0.0,0.0,0.0
Pine Hills Community Center,6.6132,0.0,0.0,6.4861,0.0,6.1538,0.0,0.0,5.1981,0.0,0.0,3.9589,1.8495,4.2905,0.0,5.7239,5.5372,0.0,3.7756,3.976,0.0,0.0,0.0,0.0,0.0,0.0,0.0,0.0,0.0,0.0,0.0,0.0,1.8009,0.0,0.0,6.0898,0.0,0.0,0.0,0.0,0.0,0.0,0.0,0.0,0.0,0.0,0.0,0.0,0.0,0.0,0.0,0.0,0.0,0.0,0.0,0.0,0.0,0.0,0.0,0.0,0.0,0.0,0.0,0.0,0.0
Orange Tree Recreation Center,0.0,0.0,0.0,0.0,0.0,0.0,0.0,5.5158,0.0,0.0,0.0,0.0,0.0,0.0,0.0,0.0,0.0,0.0,0.0,5.3675,0.0,0.0,0.0,0.0,0.0,3.3181,0.0,0.0,0.0,0.0,0.0,0.0,6.5126,0.0,0.0,0.0,0.0,0.0,0.0,0.0,0.0,0.0,0.0,0.0,0.0,0.0,0.0,0.0,0.0,0.0,0.0,0.0,0.0,0.0,0.0,0.0,0.0,0.0,0.0,0.0,0.0,0.0,0.0,0.0,0.0
Dr. P. Phillips YMCA Family Center,0.0,0.0,0.0,0.0,0.0,0.0,0.0,6.7796,0.0,0.0,0.0,0.0,0.0,0.0,6.813,0.0,0.0,0.0,0.0,6.4494,0.0,0.0,0.0,0.0,3.2141,0.0,0.0,0.0,0.0,0.0,0.0,0.0,0.0,0.0,0.0,0.0,0.0,0.0,0.0,0.0,0.0,0.0,0.0,0.0,0.0,0.0,0.0,0.0,0.0,0.0,0.0,0.0,0.0,0.0,0.0,0.0,0.0,0.0,0.0,0.0,0.0,0.0,0.0,0.0,0.0
Angels Adult Community Centers,0.0,0.0,0.0,0.0,0.0,0.0,0.0,0.0,0.0,6.5613,3.9783,0.0,0.0,0.0,0.0,0.0,0.0,0.0,0.0,0.0,4.1619,0.0,0.0,0.0,0.0,0.0,0.0,0.0,6.2048,6.253,0.0,0.0,0.0,0.0,0.0,0.0,0.0,0.0,0.0,0.0,0.0,0.0,0.0,0.0,0.0,0.0,0.0,0.0,0.0,0.0,0.0,0.0,0.0,0.0,0.0,0.0,0.0,0.0,0.0,0.0,0.0,0.0,0.0,0.0,0.0
Orange County Orlando Magic Recreation Center,0.0,0.0,0.0,0.0,0.0,0.0,0.0,0.0,0.0,0.0,0.0,0.0,0.0,0.0,0.0,0.0,0.0,0.0,0.0,0.0,0.0,0.0,0.0,0.0,0.0,0.0,0.0,0.0,0.0,0.0,0.0,0.0,0.0,2.1781,0.0,0.0,0.0,0.0,0.0,0.0,0.0,0.0,0.0,0.0,0.0,0.0,0.0,0.0,0.0,0.0,0.0,0.0,0.0,0.0,0.0,0.0,0.0,0.0,0.0,0.0,0.0,0.0,0.0,0.0,0.0
Lake Nona YMCA Family Center,0.0,0.0,0.0,0.0,0.0,0.0,0.0,0.0,0.0,0.0,0.0,0.0,0.0,0.0,0.0,0.0,0.0,0.0,0.0,0.0,0.0,0.0,0.0,0.0,0.0,0.0,6.3492,0.0,0.0,0.0,0.0,3.5744,0.0,0.0,0.0,0.0,0.0,0.0,0.0,0.0,0.0,0.0,0.0,0.0,0.0,0.0,0.0,0.0,0.0,0.0,0.0,0.0,0.0,0.0,0.0,0.0,0.0,0.0,0.0,0.0,0.0,0.0,0.0,0.0,0.0
South Econ Recreation Center,0.0,0.0,0.0,0.0,0.0,0.0,0.0,0.0,0.0,0.0,4.8504,0.0,0.0,0.0,0.0,0.0,0.0,0.0,0.0,0.0,5.7348,0.0,0.0,0.0,0.0,0.0,6.1645,0.0,0.0,0.0,0.0,6.6193,0.0,0.0,0.0,0.0,0.0,0.0,0.0,0.0,0.0,0.0,0.0,0.0,0.0,0.0,0.0,0.0,0.0,0.0,0.0,0.0,0.0,0.0,0.0,0.0,0.0,0.0,0.0,0.0,0.0,0.0,0.0,0.0,0.0
FDC Central Florida Reception Center,0.0,0.0,0.0,0.0,0.0,0.0,0.0,0.0,0.0,0.0,0.0,0.0,0.0,0.0,0.0,0.0,0.0,0.0,0.0,0.0,0.0,0.0,0.0,0.0,0.0,0.0,0.0,0.0,0.0,0.0,0.0,0.0,0.0,0.0,0.0,0.0,0.0,0.0,0.0,0.0,0.0,0.0,0.0,0.0,0.0,0.0,0.0,0.0,0.0,0.0,0.0,0.0,0.0,0.0,0.0,0.0,0.0,0.0,0.0,0.0,0.0,0.0,0.0,0.0,0.0
Randal Park Community Center,0.0,0.0,0.0,0.0,0.0,0.0,0.0,0.0,0.0,0.0,0.0,0.0,0.0,0.0,0.0,0.0,0.0,0.0,0.0,0.0,0.0,0.0,0.0,0.0,0.0,0.0,0.0,0.0,3.3767,0.0,0.0,0.0,0.0,0.0,0.0,0.0,0.0,0.0,0.0,0.0,0.0,0.0,0.0,0.0,0.0,0.0,0.0,0.0,0.0,0.0,0.0,0.0,0.0,0.0,0.0,0.0,0.0,0.0,0.0,0.0,0.0,0.0,0.0,0.0,0.0
Orlo Vista Park,5.4466,0.0,0.0,0.0,6.6706,5.8663,6.6162,4.1589,4.9026,0.0,0.0,3.6634,4.1567,6.2373,0.0,0.0,0.0,0.0,2.5043,2.2392,0.0,0.0,0.0,1.7965,6.458,0.0,0.0,0.0,0.0,0.0,0.0,0.0,0.0,0.0,0.0,0.0,0.0,0.0,0.0,0.0,0.0,0.0,0.0,0.0,0.0,0.0,0.0,0.0,0.0,0.0,0.0,0.0,0.0,0.0,0.0,0.0,0.0,0.0,0.0,0.0,0.0,0.0,0.0,0.0,0.0
Big Hawk Recreation Center,0.0,0.0,0.0,0.0,0.0,0.0,0.0,0.0,0.0,0.0,0.0,0.0,0.0,0.0,0.0,0.0,0.0,0.0,0.0,0.0,0.0,0.0,0.0,0.0,0.0,0.0,0.0,2.0096,0.0,0.0,0.0,0.0,0.0,0.0,0.0,0.0,0.0,0.0,0.0,0.0,0.0,0.0,0.0,0.0,0.0,0.0,0.0,0.0,0.0,0.0,0.0,0.0,0.0,0.0,0.0,0.0,0.0,0.0,0.0,0.0,0.0,0.0,0.0,0.0,0.0
Leesburg Recreation & Parks,0.0,0.0,0.0,0.0,0.0,0.0,0.0,0.0,0.0,0.0,0.0,0.0,0.0,0.0,0.0,0.0,0.0,0.0,0.0,0.0,0.0,0.0,0.0,0.0,0.0,0.0,0.0,0.0,0.0,0.0,0.0,0.0,0.0,0.0,0.0,0.0,0.0,0.0,0.0,0.0,0.0,0.0,0.0,0.0,0.0,0.0,0.0,0.0,0.0,0.0,0.0,0.0,0.0,0.0,0.0,0.0,0.0,0.0,0.0,0.0,0.0,0.0,0.0,0.0,0.0
Ocoee Lakeshore Center,0.0,0.0,0.0,0.0,0.0,0.0,0.0,0.0,0.0,0.0,0.0,0.0,6.2366,0.0,0.0,0.0,0.0,0.0,0.0,0.0,0.0,0.0,0.0,6.0785,0.0,0.0,0.0,0.0,0.0,0.0,0.0,0.0,0.0,0.0,0.0,0.0,0.0,0.0,0.0,0.0,0.0,0.0,0.0,0.0,0.0,0.0,0.0,0.0,0.0,0.0,0.0,0.0,0.0,0.0,0.0,0.0,0.0,0.0,0.0,0.0,0.0,0.0,0.0,0.0,0.0
Narcoossee Community Center and Park,0.0,0.0,0.0,0.0,0.0,0.0,0.0,0.0,0.0,0.0,0.0,0.0,0.0,0.0,0.0,0.0,0.0,0.0,0.0,0.0,0.0,0.0,0.0,0.0,0.0,0.0,0.0,0.0,0.0,0.0,0.0,0.0,0.0,0.0,0.0,0.0,0.0,0.0,0.0,0.0,0.0,0.0,0.0,0.0,0.0,0.0,0.0,0.0,0.0,0.0,0.0,0.0,0.0,0.0,0.0,0.0,0.0,0.0,0.0,0.0,0.0,0.0,0.0,0.0,0.0
Eastmonte Park,0.0,0.0,0.0,0.0,0.0,0.0,0.0,0.0,0.0,0.0,0.0,0.0,0.0,0.0,0.0,0.0,0.0,5.9704,0.0,0.0,0.0,0.0,0.0,0.0,0.0,0.0,0.0,0.0,0.0,0.0,0.0,0.0,0.0,0.0,0.0,0.0,0.0,0.0,6.4795,0.0,0.0,0.0,0.0,0.0,0.0,0.0,5.7594,4.6189,0.0,0.0,0.0,2.6124,4.4674,2.928,3.4003,2.2619,2.8776,0.0,0.0,0.0,0.0,0.0,5.3503,5.879,0.0
Hunt Club Pediatrics,0.0,0.0,0.0,0.0,0.0,0.0,0.0,0.0,0.0,0.0,0.0,0.0,0.0,6.0456,0.0,5.3535,4.5609,0.0,0.0,0.0,0.0,0.0,0.0,0.0,0.0,0.0,0.0,0.0,0.0,0.0,0.0,0.0,0.0,0.0,0.0,0.0,0.0,6.6246,0.0,4.26,4.0093,4.0486,4.0526,5.4148,4.4156,4.9915,0.0,3.8037,0.0,0.0,0.0,0.0,0.0,0.0,0.0,0.0,0.0,0.0,0.0,0.0,0.0,0.0,0.0,0.0,0.0
Apopka Community Center,0.0,0.0,0.0,0.0,0.0,0.0,0.0,0.0,0.0,0.0,0.0,0.0,0.0,0.0,0.0,0.0,6.5071,0.0,0.0,0.0,0.0,0.0,0.0,0.0,0.0,0.0,0.0,0.0,0.0,0.0,0.0,0.0,0.0,0.0,0.0,0.0,0.0,0.0,4.2057,0.0,0.366,0.4486,0.4148,1.5642,0.8348,0.918,0.0,0.0,0.0,0.0,0.0,0.0,0.0,0.0,0.0,0.0,0.0,0.0,0.0,0.0,0.0,0.0,0.0,0.0,0.0
Community Health Centers,0.0,0.0,0.0,0.0,0.0,0.0,0.0,0.0,0.0,0.0,0.0,0.0,0.0,0.0,0.0,0.0,6.1974,0.0,0.0,0.0,0.0,0.0,0.0,0.0,0.0,0.0,0.0,0.0,0.0,0.0,0.0,0.0,0.0,0.0,0.0,0.0,0.0,0.0,3.8959,0.2992,0.0,0.0872,0.0908,1.4037,0.7703,0.9805,0.0,0.0,0.0,0.0,0.0,0.0,0.0,0.0,0.0,0.0,0.0,0.0,0.0,0.0,0.0,0.0,0.0,0.0,0.0
Community Health Centers Apopka,0.0,0.0,0.0,0.0,0.0,0.0,0.0,0.0,0.0,0.0,0.0,0.0,0.0,0.0,0.0,0.0,6.2845,0.0,0.0,0.0,0.0,0.0,0.0,0.0,0.0,0.0,0.0,0.0,0.0,0.0,0.0,0.0,0.0,0.0,0.0,0.0,0.0,0.0,3.9831,0.3818,0.0872,0.0,0.0338,1.3909,0.8904,0.9677,0.0,0.0,0.0,0.0,0.0,0.0,0.0,0.0,0.0,0.0,0.0,0.0,0.0,0.0,0.0,0.0,0.0,0.0,0.0
Community Health Centers,0.0,0.0,0.0,0.0,0.0,0.0,0.0,0.0,0.0,0.0,0.0,0.0,0.0,0.0,0.0,0.0,6.2407,0.0,0.0,0.0,0.0,0.0,0.0,0.0,0.0,0.0,0.0,0.0,0.0,0.0,0.0,0.0,0.0,0.0,0.0,0.0,0.0,0.0,3.9392,0.3479,0.0908,0.0338,0.0,1.3571,0.8566,0.9338,0.0,0.0,0.0,0.0,0.0,0.0,0.0,0.0,0.0,0.0,0.0,0.0,0.0,0.0,0.0,0.0,0.0,0.0,0.0
John Bridges Community Center,0.0,0.0,0.0,0.0,0.0,0.0,0.0,0.0,0.0,0.0,0.0,0.0,0.0,0.0,0.0,0.0,0.0,0.0,0.0,0.0,0.0,0.0,0.0,0.0,0.0,0.0,0.0,0.0,0.0,0.0,0.0,0.0,0.0,0.0,0.0,0.0,0.0,0.0,5.3017,1.4221,1.4346,1.3909,1.3571,0.0,1.9307,0.8742,0.0,0.0,0.0,0.0,0.0,0.0,0.0,0.0,0.0,0.0,0.0,0.0,0.0,0.0,0.0,0.0,0.0,0.0,0.0
Fran Carlton Recreation Center,0.0,0.0,0.0,0.0,0.0,0.0,0.0,0.0,0.0,0.0,0.0,0.0,0.0,0.0,0.0,0.0,6.6039,0.0,0.0,0.0,0.0,0.0,0.0,0.0,0.0,0.0,0.0,0.0,0.0,0.0,0.0,0.0,0.0,0.0,0.0,0.0,0.0,0.0,4.3024,0.7953,0.7703,0.8904,0.8566,1.9307,0.0,1.5074,0.0,0.0,0.0,0.0,0.0,0.0,0.0,0.0,0.0,0.0,0.0,0.0,0.0,0.0,0.0,0.0,0.0,0.0,0.0
Hope CommUnity Center,0.0,0.0,0.0,0.0,0.0,0.0,0.0,0.0,0.0,0.0,0.0,0.0,0.0,0.0,0.0,0.0,0.0,0.0,0.0,0.0,0.0,0.0,0.0,0.0,0.0,0.0,0.0,0.0,0.0,0.0,0.0,0.0,0.0,0.0,0.0,0.0,0.0,0.0,4.8784,0.8512,1.0113,0.9677,0.9338,0.8742,1.5074,0.0,0.0,0.0,0.0,0.0,0.0,0.0,0.0,0.0,0.0,0.0,0.0,0.0,0.0,0.0,0.0,0.0,0.0,0.0,0.0
Winter Springs Civic Center,0.0,0.0,0.0,0.0,0.0,0.0,0.0,0.0,0.0,0.0,0.0,0.0,0.0,0.0,0.0,0.0,0.0,0.0,0.0,0.0,0.0,0.0,0.0,0.0,0.0,0.0,0.0,0.0,0.0,0.0,0.0,0.0,0.0,0.0,0.0,0.0,0.0,5.8178,0.0,0.0,0.0,0.0,0.0,0.0,0.0,0.0,0.0,0.0,5.1678,5.1678,5.7739,0.0,0.0,6.7784,0.0,0.0,0.0,0.0,0.0,0.0,0.0,0.0,0.0,0.0,0.0
Westmonte Park,0.0,0.0,0.0,0.0,0.0,0.0,0.0,0.0,0.0,0.0,0.0,0.0,0.0,5.3194,0.0,4.1339,4.8286,5.301,0.0,0.0,0.0,0.0,0.0,0.0,0.0,0.0,0.0,0.0,0.0,0.0,0.0,0.0,0.0,0.0,0.0,0.0,0.0,4.589,3.6594,0.0,0.0,0.0,0.0,0.0,0.0,0.0,0.0,0.0,0.0,0.0,0.0,5.101,5.2541,5.4166,5.8889,4.7504,5.3662,0.0,0.0,0.0,0.0,0.0,0.0,0.0,0.0
Lake Mary Community Center,0.0,0.0,0.0,0.0,0.0,0.0,0.0,0.0,0.0,0.0,0.0,0.0,0.0,0.0,0.0,0.0,0.0,0.0,0.0,0.0,0.0,0.0,0.0,0.0,0.0,0.0,0.0,0.0,0.0,0.0,0.0,0.0,0.0,0.0,0.0,0.0,0.0,0.0,0.0,0.0,0.0,0.0,0.0,0.0,0.0,0.0,5.0863,0.0,0.0,0.0,1.0998,0.0,0.0,0.0,0.0,0.0,0.0,0.0,4.8709,6.7848,0.0,0.0,0.0,0.0,0.0
Lake Mary Parks & Recreation,0.0,0.0,0.0,0.0,0.0,0.0,0.0,0.0,0.0,0.0,0.0,0.0,0.0,0.0,0.0,0.0,0.0,0.0,0.0,0.0,0.0,0.0,0.0,0.0,0.0,0.0,0.0,0.0,0.0,0.0,0.0,0.0,0.0,0.0,0.0,0.0,0.0,0.0,0.0,0.0,0.0,0.0,0.0,0.0,0.0,0.0,5.0863,0.0,0.0,0.0,1.0998,0.0,0.0,0.0,0.0,0.0,0.0,0.0,4.8709,6.7848,0.0,0.0,0.0,0.0,0.0
J. Douglas Williams YMCA Family Center,0.0,0.0,0.0,0.0,0.0,0.0,0.0,0.0,0.0,0.0,0.0,0.0,0.0,0.0,0.0,0.0,0.0,0.0,0.0,0.0,0.0,0.0,0.0,0.0,0.0,0.0,0.0,0.0,0.0,0.0,0.0,0.0,0.0,0.0,0.0,0.0,0.0,0.0,0.0,0.0,0.0,0.0,0.0,0.0,0.0,0.0,5.6658,0.0,1.1029,1.1029,0.0,0.0,0.0,0.0,0.0,0.0,0.0,0.0,5.9669,0.0,0.0,0.0,0.0,0.0,0.0
Hill Recreation Center,0.0,5.1842,6.7075,6.6493,0.0,0.0,0.0,0.0,0.0,0.0,0.0,0.0,0.0,6.3241,0.0,5.1385,5.8332,3.7819,0.0,0.0,0.0,0.0,0.0,0.0,0.0,0.0,0.0,0.0,0.0,0.0,0.0,0.0,0.0,0.0,0.0,0.0,0.0,2.6127,0.0,0.0,0.0,0.0,0.0,0.0,0.0,0.0,0.0,5.0902,0.0,0.0,0.0,0.0,2.1171,1.1283,1.0501,0.4287,0.5274,0.0,0.0,0.0,0.0,0.0,3.0,3.5287,5.0963
Denton Johnson Community Center,6.674,4.682,6.2053,5.1074,0.0,0.0,0.0,0.0,0.0,0.0,0.0,0.0,0.0,5.0058,0.0,3.8202,4.5149,2.24,0.0,0.0,0.0,0.0,0.0,0.0,0.0,0.0,0.0,0.0,0.0,0.0,0.0,0.0,0.0,0.0,0.0,0.0,0.0,4.4814,0.0,0.0,0.0,0.0,0.0,0.0,0.0,0.0,0.0,5.3632,0.0,0.0,0.0,2.1468,0.0,2.8266,2.2385,2.2973,1.6113,0.0,0.0,0.0,0.0,0.0,2.4979,3.0266,5.0602
Maitland Community Park,0.0,5.8917,0.0,0.0,0.0,0.0,0.0,0.0,0.0,0.0,0.0,0.0,0.0,0.0,0.0,6.72,0.0,4.4895,0.0,0.0,0.0,0.0,0.0,0.0,0.0,0.0,0.0,0.0,0.0,0.0,0.0,0.0,0.0,0.0,0.0,0.0,0.0,2.9629,0.0,0.0,0.0,0.0,0.0,0.0,0.0,0.0,6.6932,5.8579,0.0,0.0,0.0,1.1316,2.8247,0.0,1.6531,1.434,1.3806,0.0,0.0,0.0,0.0,0.0,3.7076,4.2363,5.6993
Minnehaha Park,0.0,5.1514,6.6747,6.6165,0.0,0.0,0.0,0.0,0.0,0.0,0.0,0.0,0.0,6.5814,0.0,5.3958,6.0906,3.7492,0.0,0.0,0.0,0.0,0.0,0.0,0.0,0.0,0.0,0.0,0.0,0.0,0.0,0.0,0.0,0.0,0.0,0.0,0.0,3.23,0.0,0.0,0.0,0.0,0.0,0.0,0.0,0.0,0.0,5.7075,0.0,0.0,0.0,0.8954,2.0844,1.4668,0.0,1.0459,0.6403,0.0,0.0,0.0,0.0,0.0,2.9673,3.496,4.3299
Shalom Orlando Roth JCC,0.0,5.2726,6.7959,6.7377,0.0,0.0,0.0,0.0,0.0,0.0,0.0,0.0,0.0,6.4091,0.0,5.2235,5.9182,3.8703,0.0,0.0,0.0,0.0,0.0,0.0,0.0,0.0,0.0,0.0,0.0,0.0,0.0,0.0,0.0,0.0,0.0,0.0,0.0,2.7012,0.0,0.0,0.0,0.0,0.0,0.0,0.0,0.0,0.0,5.1786,0.0,0.0,0.0,0.3505,2.2056,1.2168,1.1385,0.0,0.6158,0.0,0.0,0.0,0.0,0.0,3.0885,3.6172,5.1847
Maitland Senior Center,0.0,4.6568,6.1801,6.1219,0.0,0.0,0.0,0.0,0.0,0.0,0.0,0.0,0.0,6.0868,0.0,4.9013,5.5959,3.2546,0.0,0.0,0.0,0.0,0.0,0.0,0.0,0.0,0.0,0.0,0.0,0.0,0.0,0.0,0.0,0.0,0.0,0.0,0.0,2.8701,0.0,0.0,0.0,0.0,0.0,0.0,0.0,0.0,0.0,5.3475,0.0,0.0,0.0,0.5355,1.5898,1.3753,0.7872,0.686,0.0,0.0,0.0,0.0,0.0,0.0,2.4727,3.0014,4.522
Oviedo Recreation & Parks,0.0,0.0,0.0,0.0,0.0,0.0,0.0,0.0,0.0,0.0,0.0,0.0,0.0,0.0,0.0,0.0,0.0,0.0,0.0,0.0,0.0,0.0,0.0,0.0,0.0,0.0,0.0,0.0,0.0,0.0,0.0,0.0,0.0,0.0,0.0,0.0,0.0,0.0,0.0,0.0,0.0,0.0,0.0,0.0,0.0,0.0,0.0,0.0,0.0,0.0,0.0,0.0,0.0,0.0,0.0,0.0,0.0,0.0,0.0,0.0,0.0,0.0,0.0,0.0,0.0
Westside Community Center / Boys And Girls Center,0.0,0.0,0.0,0.0,0.0,0.0,0.0,0.0,0.0,0.0,0.0,0.0,0.0,0.0,0.0,0.0,0.0,0.0,0.0,0.0,0.0,0.0,0.0,0.0,0.0,0.0,0.0,0.0,0.0,0.0,0.0,0.0,0.0,0.0,0.0,0.0,0.0,0.0,0.0,0.0,0.0,0.0,0.0,0.0,0.0,0.0,0.0,0.0,4.9639,4.9639,6.0572,0.0,0.0,0.0,0.0,0.0,0.0,0.0,0.0,2.3612,5.1113,2.0922,0.0,0.0,0.0
Jeff Triplet Community Center,0.0,0.0,0.0,0.0,0.0,0.0,0.0,0.0,0.0,0.0,0.0,0.0,0.0,0.0,0.0,0.0,0.0,0.0,0.0,0.0,0.0,0.0,0.0,0.0,0.0,0.0,0.0,0.0,0.0,0.0,0.0,0.0,0.0,0.0,0.0,0.0,0.0,0.0,0.0,0.0,0.0,0.0,0.0,0.0,0.0,0.0,0.0,0.0,6.7596,6.7596,0.0,0.0,0.0,0.0,0.0,0.0,0.0,0.0,2.3612,0.0,2.5531,1.4889,0.0,0.0,0.0
Midway Community Center,0.0,0.0,0.0,0.0,0.0,0.0,0.0,0.0,0.0,0.0,0.0,0.0,0.0,0.0,0.0,0.0,0.0,0.0,0.0,0.0,0.0,0.0,0.0,0.0,0.0,0.0,0.0,0.0,0.0,0.0,0.0,0.0,0.0,0.0,0.0,0.0,0.0,0.0,0.0,0.0,0.0,0.0,0.0,0.0,0.0,0.0,0.0,0.0,0.0,0.0,0.0,0.0,0.0,0.0,0.0,0.0,0.0,0.0,5.1021,2.5531,0.0,4.2945,0.0,0.0,0.0
Sanford Civic Center,0.0,0.0,0.0,0.0,0.0,0.0,0.0,0.0,0.0,0.0,0.0,0.0,0.0,0.0,0.0,0.0,0.0,0.0,0.0,0.0,0.0,0.0,0.0,0.0,0.0,0.0,0.0,0.0,0.0,0.0,0.0,0.0,0.0,0.0,0.0,0.0,0.0,0.0,0.0,0.0,0.0,0.0,0.0,0.0,0.0,0.0,0.0,0.0,0.0,0.0,0.0,0.0,0.0,0.0,0.0,0.0,0.0,0.0,2.1,1.4889,3.8687,0.0,0.0,0.0,0.0
Winter Park Community Center,4.8246,2.8039,4.3272,3.1152,6.223,6.0966,6.8465,0.0,5.612,5.9553,0.0,6.4603,0.0,6.1733,0.0,5.2195,5.9142,2.9312,0.0,0.0,0.0,0.0,0.0,0.0,0.0,0.0,0.0,0.0,0.0,0.0,0.0,0.0,0.0,0.0,0.0,0.0,0.0,5.3542,0.0,0.0,0.0,0.0,0.0,0.0,0.0,0.0,0.0,0.0,0.0,0.0,0.0,3.0196,2.5171,3.6994,3.1113,3.1701,2.4841,0.0,0.0,0.0,0.0,0.0,0.0,0.8289,2.6316
Azalea Lane Recreation Center,4.4692,2.4485,3.9718,2.7598,5.8676,5.7412,6.4911,0.0,5.2566,5.5999,0.0,6.105,6.5695,6.3182,0.0,5.3644,6.0591,3.3017,0.0,0.0,0.0,0.0,0.0,0.0,0.0,0.0,0.0,0.0,0.0,0.0,0.0,0.0,0.0,0.0,0.0,0.0,0.0,5.8762,0.0,0.0,0.0,0.0,0.0,0.0,0.0,0.0,0.0,0.0,0.0,0.0,0.0,3.5416,3.0391,4.2214,3.6333,3.6921,3.0061,0.0,0.0,0.0,0.0,0.0,0.7932,0.0,3.0316
Center for Health and Wellbeing,0.0,4.4928,5.2323,5.4038,0.0,0.0,0.0,0.0,0.0,0.0,6.4738,0.0,0.0,0.0,0.0,0.0,0.0,5.6034,0.0,0.0,0.0,0.0,0.0,0.0,0.0,0.0,0.0,0.0,0.0,0.0,0.0,0.0,0.0,0.0,0.0,0.0,0.0,0.0,0.0,0.0,0.0,0.0,0.0,0.0,0.0,0.0,0.0,0.0,0.0,0.0,0.0,5.0824,4.8842,5.6539,4.187,5.233,4.4867,0.0,0.0,0.0,0.0,0.0,2.6013,3.0772,0.0
